{
    "rmse_x": 4.295305086337497,
    "rmse_y": 4.672134404652723,
    "rmse_theta": 3.613814073635392,
    "corr_x": 0.8844391124776614,
    "corr_y": 0.9989684856040322,
    "corr_theta": 0.6449519991127087,
    "runtime": 0.1863722801208496
}