{
    "rmse_x": 1.0541663309242162,
    "rmse_y": 1.714438690913706,
    "rmse_theta": 4.231055954184848,
    "corr_x": 0.9982813710490517,
    "corr_y": 0.9998137855539361,
    "corr_theta": 0.46457365321002714,
    "runtime": 0.4323389530181885,
    "num_timesteps": 1100
}