{
    "rmse_x": 3.0435050222455398,
    "rmse_y": 5.03124113919032,
    "rmse_theta": 6.605205352318237,
    "corr_x": 0.9407869137916209,
    "corr_y": 0.977568622350105,
    "corr_theta": 0.187581251894609
}