{
    "rmse_x": 2.3525004795621776,
    "rmse_y": 4.808555925496671,
    "rmse_theta": 6.2294373142452155,
    "corr_x": 0.9601927095076908,
    "corr_y": 0.9872424939233381,
    "corr_theta": 0.11487514466866024
}