{
    "rmse_x": 1.1725906772372452,
    "rmse_y": 1.7076214807480543,
    "rmse_theta": 5.116180541069058,
    "corr_x": 0.9977157755239392,
    "corr_y": 0.9995230285856926,
    "corr_theta": 0.2378352203958085
}