{
    "rmse_x": 0.7753496636157406,
    "rmse_y": 1.6487315105008118,
    "rmse_theta": 3.6017994487290665,
    "corr_x": 0.999607010409493,
    "corr_y": 0.9997446263868676,
    "corr_theta": 0.7996670905304096
}